Town,YearMonth,Rainfall_mm
Bungoma,2022-01,50.6
Bungoma,2022-02,37.3
Bungoma,2022-03,31.0
Bungoma,2022-04,218.4
Bungoma,2022-05,244.6
Bungoma,2022-06,122.6
Bungoma,2022-07,157.0
Bungoma,2022-08,199.1
Bungoma,2022-09,154.8
Bungoma,2022-10,86.89999999999999
Bungoma,2022-11,169.9
Bungoma,2022-12,76.2
Bungoma,2023-01,0.8999999999999999
Bungoma,2023-02,3.9000000000000004
Bungoma,2023-03,203.3
Bungoma,2023-04,220.1
Bungoma,2023-05,92.0
Bungoma,2023-06,94.6
Bungoma,2023-07,72.1
Bungoma,2023-08,63.6
Bungoma,2023-09,130.9
Bungoma,2023-10,156.9
Bungoma,2023-11,197.0
Bungoma,2023-12,68.8
Bungoma,2024-01,140.8
Bungoma,2024-02,59.9
Bungoma,2024-03,23.0
Bungoma,2024-04,205.8
Bungoma,2024-05,150.6
Bungoma,2024-06,69.6
Bungoma,2024-07,128.2
Bungoma,2024-08,124.4
Bungoma,2024-09,115.4
Bungoma,2024-10,138.7
Bungoma,2024-11,271.6
Bungoma,2024-12,70.0
Busia,2022-01,89.10000000000001
Busia,2022-02,80.9
Busia,2022-03,125.4
Busia,2022-04,262.9
Busia,2022-05,214.5
Busia,2022-06,89.8
Busia,2022-07,86.5
Busia,2022-08,148.0
Busia,2022-09,137.2
Busia,2022-10,76.2
Busia,2022-11,300.8
Busia,2022-12,176.5
Busia,2023-01,16.8
Busia,2023-02,37.5
Busia,2023-03,252.10000000000002
Busia,2023-04,319.2
Busia,2023-05,95.8
Busia,2023-06,122.60000000000001
Busia,2023-07,58.9
Busia,2023-08,69.8
Busia,2023-09,152.0
Busia,2023-10,234.7
Busia,2023-11,291.0
Busia,2023-12,110.0
Busia,2024-01,145.5
Busia,2024-02,93.6
Busia,2024-03,129.9
Busia,2024-04,253.7
Busia,2024-05,144.9
Busia,2024-06,37.7
Busia,2024-07,102.3
Busia,2024-08,98.3
Busia,2024-09,132.8
Busia,2024-10,203.5
Busia,2024-11,200.70000000000002
Busia,2024-12,117.5
El Wak,2022-01,1.0
El Wak,2022-02,0.30000000000000004
El Wak,2022-03,9.1
El Wak,2022-04,61.1
El Wak,2022-05,29.4
El Wak,2022-06,25.0
El Wak,2022-07,6.000000000000001
El Wak,2022-08,3.8
El Wak,2022-09,2.3
El Wak,2022-10,47.199999999999996
El Wak,2022-11,18.1
El Wak,2022-12,15.2
El Wak,2023-01,2.5
El Wak,2023-02,0.0
El Wak,2023-03,127.8
El Wak,2023-04,178.6
El Wak,2023-05,11.3
El Wak,2023-06,7.8999999999999995
El Wak,2023-07,4.5
El Wak,2023-08,6.6000000000000005
El Wak,2023-09,5.3
El Wak,2023-10,141.3
El Wak,2023-11,282.0
El Wak,2023-12,2.4
El Wak,2024-01,0.2
El Wak,2024-02,1.9
El Wak,2024-03,15.299999999999999
El Wak,2024-04,142.9
El Wak,2024-05,30.8
El Wak,2024-06,3.9
El Wak,2024-07,5.8
El Wak,2024-08,10.2
El Wak,2024-09,2.7
El Wak,2024-10,23.9
El Wak,2024-11,58.9
El Wak,2024-12,2.1
Eldoret,2022-01,18.7
Eldoret,2022-02,11.2
Eldoret,2022-03,12.0
Eldoret,2022-04,86.2
Eldoret,2022-05,39.9
Eldoret,2022-06,84.3
Eldoret,2022-07,138.1
Eldoret,2022-08,171.0
Eldoret,2022-09,86.7
Eldoret,2022-10,24.900000000000002
Eldoret,2022-11,28.2
Eldoret,2022-12,16.5
Eldoret,2023-01,2.7
Eldoret,2023-02,0.1
Eldoret,2023-03,69.4
Eldoret,2023-04,139.0
Eldoret,2023-05,63.5
Eldoret,2023-06,69.3
Eldoret,2023-07,43.5
Eldoret,2023-08,55.5
Eldoret,2023-09,103.1
Eldoret,2023-10,60.199999999999996
Eldoret,2023-11,83.2
Eldoret,2023-12,23.599999999999998
Eldoret,2024-01,88.7
Eldoret,2024-02,31.0
Eldoret,2024-03,22.8
Eldoret,2024-04,142.5
Eldoret,2024-05,92.8
Eldoret,2024-06,44.3
Eldoret,2024-07,123.0
Eldoret,2024-08,103.1
Eldoret,2024-09,84.7
Eldoret,2024-10,64.3
Eldoret,2024-11,85.9
Eldoret,2024-12,19.1
Embu,2022-01,16.8
Embu,2022-02,23.4
Embu,2022-03,17.2
Embu,2022-04,168.1
Embu,2022-05,90.1
Embu,2022-06,50.3
Embu,2022-07,93.3
Embu,2022-08,85.7
Embu,2022-09,42.6
Embu,2022-10,60.6
Embu,2022-11,159.5
Embu,2022-12,55.7
Embu,2023-01,12.2
Embu,2023-02,3.1
Embu,2023-03,83.89999999999999
Embu,2023-04,224.9
Embu,2023-05,136.29999999999998
Embu,2023-06,85.1
Embu,2023-07,75.4
Embu,2023-08,81.0
Embu,2023-09,51.5
Embu,2023-10,137.4
Embu,2023-11,236.4
Embu,2023-12,39.1
Embu,2024-01,105.0
Embu,2024-02,31.5
Embu,2024-03,39.3
Embu,2024-04,228.7
Embu,2024-05,144.4
Embu,2024-06,29.0
Embu,2024-07,47.4
Embu,2024-08,84.0
Embu,2024-09,45.300000000000004
Embu,2024-10,54.5
Embu,2024-11,144.7
Embu,2024-12,64.8
Garissa,2022-01,15.1
Garissa,2022-02,0.9999999999999999
Garissa,2022-03,4.5
Garissa,2022-04,60.2
Garissa,2022-05,4.0
Garissa,2022-06,8.8
Garissa,2022-07,5.2
Garissa,2022-08,3.4000000000000004
Garissa,2022-09,7.0
Garissa,2022-10,12.1
Garissa,2022-11,68.1
Garissa,2022-12,8.9
Garissa,2023-01,4.7
Garissa,2023-02,0.5
Garissa,2023-03,47.9
Garissa,2023-04,179.9
Garissa,2023-05,11.4
Garissa,2023-06,5.8
Garissa,2023-07,20.6
Garissa,2023-08,10.1
Garissa,2023-09,6.8
Garissa,2023-10,17.5
Garissa,2023-11,286.7
Garissa,2023-12,20.0
Garissa,2024-01,10.7
Garissa,2024-02,2.2
Garissa,2024-03,27.3
Garissa,2024-04,132.8
Garissa,2024-05,12.9
Garissa,2024-06,6.7
Garissa,2024-07,5.5
Garissa,2024-08,13.4
Garissa,2024-09,5.8
Garissa,2024-10,6.3
Garissa,2024-11,160.79999999999998
Garissa,2024-12,4.3999999999999995
Habaswein,2022-01,5.8
Habaswein,2022-02,0.1
Habaswein,2022-03,6.7
Habaswein,2022-04,60.0
Habaswein,2022-05,3.1
Habaswein,2022-06,2.1
Habaswein,2022-07,2.9000000000000004
Habaswein,2022-08,0.30000000000000004
Habaswein,2022-09,2.3
Habaswein,2022-10,4.0
Habaswein,2022-11,19.7
Habaswein,2022-12,6.2
Habaswein,2023-01,2.3000000000000003
Habaswein,2023-02,0.0
Habaswein,2023-03,78.3
Habaswein,2023-04,128.9
Habaswein,2023-05,12.2
Habaswein,2023-06,1.3
Habaswein,2023-07,5.4
Habaswein,2023-08,2.5
Habaswein,2023-09,2.3
Habaswein,2023-10,71.7
Habaswein,2023-11,312.3
Habaswein,2023-12,10.8
Habaswein,2024-01,21.900000000000002
Habaswein,2024-02,1.4000000000000001
Habaswein,2024-03,23.0
Habaswein,2024-04,102.3
Habaswein,2024-05,32.4
Habaswein,2024-06,2.3
Habaswein,2024-07,2.8
Habaswein,2024-08,5.8
Habaswein,2024-09,2.9
Habaswein,2024-10,1.0
Habaswein,2024-11,142.3
Habaswein,2024-12,0.6000000000000001
Hola,2022-01,2.4000000000000004
Hola,2022-02,0.8
Hola,2022-03,9.9
Hola,2022-04,50.6
Hola,2022-05,25.2
Hola,2022-06,24.1
Hola,2022-07,22.9
Hola,2022-08,12.7
Hola,2022-09,14.8
Hola,2022-10,30.4
Hola,2022-11,89.0
Hola,2022-12,18.1
Hola,2023-01,5.9
Hola,2023-02,0.5
Hola,2023-03,54.3
Hola,2023-04,153.3
Hola,2023-05,53.3
Hola,2023-06,19.0
Hola,2023-07,35.6
Hola,2023-08,37.3
Hola,2023-09,17.1
Hola,2023-10,70.3
Hola,2023-11,371.5
Hola,2023-12,65.3
Hola,2024-01,13.600000000000001
Hola,2024-02,5.3999999999999995
Hola,2024-03,23.2
Hola,2024-04,115.7
Hola,2024-05,21.0
Hola,2024-06,17.8
Hola,2024-07,22.2
Hola,2024-08,24.6
Hola,2024-09,12.1
Hola,2024-10,12.8
Hola,2024-11,123.2
Hola,2024-12,38.5
Homa Bay,2022-01,89.6
Homa Bay,2022-02,48.7
Homa Bay,2022-03,73.5
Homa Bay,2022-04,196.7
Homa Bay,2022-05,143.9
Homa Bay,2022-06,46.0
Homa Bay,2022-07,41.099999999999994
Homa Bay,2022-08,95.5
Homa Bay,2022-09,54.2
Homa Bay,2022-10,65.8
Homa Bay,2022-11,151.8
Homa Bay,2022-12,109.2
Homa Bay,2023-01,14.2
Homa Bay,2023-02,29.5
Homa Bay,2023-03,188.9
Homa Bay,2023-04,242.8
Homa Bay,2023-05,61.3
Homa Bay,2023-06,41.3
Homa Bay,2023-07,16.0
Homa Bay,2023-08,37.2
Homa Bay,2023-09,84.1
Homa Bay,2023-10,127.1
Homa Bay,2023-11,195.8
Homa Bay,2023-12,96.3
Homa Bay,2024-01,60.800000000000004
Homa Bay,2024-02,43.8
Homa Bay,2024-03,51.3
Homa Bay,2024-04,178.4
Homa Bay,2024-05,88.8
Homa Bay,2024-06,55.1
Homa Bay,2024-07,49.1
Homa Bay,2024-08,57.8
Homa Bay,2024-09,69.5
Homa Bay,2024-10,78.0
Homa Bay,2024-11,246.0
Homa Bay,2024-12,48.1
Isiolo,2022-01,30.1
Isiolo,2022-02,13.1
Isiolo,2022-03,15.899999999999999
Isiolo,2022-04,43.5
Isiolo,2022-05,3.3000000000000003
Isiolo,2022-06,0.5
Isiolo,2022-07,0.1
Isiolo,2022-08,3.8
Isiolo,2022-09,7.7
Isiolo,2022-10,15.1
Isiolo,2022-11,93.1
Isiolo,2022-12,35.800000000000004
Isiolo,2023-01,15.899999999999999
Isiolo,2023-02,0.1
Isiolo,2023-03,89.0
Isiolo,2023-04,107.1
Isiolo,2023-05,9.6
Isiolo,2023-06,0.4
Isiolo,2023-07,1.0
Isiolo,2023-08,0.30000000000000004
Isiolo,2023-09,5.3
Isiolo,2023-10,39.2
Isiolo,2023-11,158.3
Isiolo,2023-12,23.900000000000002
Isiolo,2024-01,35.0
Isiolo,2024-02,21.9
Isiolo,2024-03,13.399999999999999
Isiolo,2024-04,173.5
Isiolo,2024-05,58.6
Isiolo,2024-06,0.5
Isiolo,2024-07,30.9
Isiolo,2024-08,11.8
Isiolo,2024-09,10.1
Isiolo,2024-10,22.3
Isiolo,2024-11,96.8
Isiolo,2024-12,17.5
Iten,2022-01,33.9
Iten,2022-02,24.099999999999998
Iten,2022-03,13.8
Iten,2022-04,84.8
Iten,2022-05,38.4
Iten,2022-06,103.0
Iten,2022-07,139.4
Iten,2022-08,238.9
Iten,2022-09,94.0
Iten,2022-10,32.5
Iten,2022-11,30.0
Iten,2022-12,26.1
Iten,2023-01,15.5
Iten,2023-02,1.0
Iten,2023-03,67.0
Iten,2023-04,150.9
Iten,2023-05,70.2
Iten,2023-06,52.8
Iten,2023-07,58.3
Iten,2023-08,61.0
Iten,2023-09,109.0
Iten,2023-10,48.9
Iten,2023-11,89.6
Iten,2023-12,23.3
Iten,2024-01,85.4
Iten,2024-02,42.7
Iten,2024-03,34.2
Iten,2024-04,145.3
Iten,2024-05,126.8
Iten,2024-06,48.0
Iten,2024-07,183.3
Iten,2024-08,154.4
Iten,2024-09,74.1
Iten,2024-10,69.9
Iten,2024-11,89.39999999999999
Iten,2024-12,21.0
Kabarnet,2022-01,50.4
Kabarnet,2022-02,13.5
Kabarnet,2022-03,25.2
Kabarnet,2022-04,166.8
Kabarnet,2022-05,92.6
Kabarnet,2022-06,81.39999999999999
Kabarnet,2022-07,150.5
Kabarnet,2022-08,321.6
Kabarnet,2022-09,128.4
Kabarnet,2022-10,37.7
Kabarnet,2022-11,69.5
Kabarnet,2022-12,40.4
Kabarnet,2023-01,12.1
Kabarnet,2023-02,0.9
Kabarnet,2023-03,163.3
Kabarnet,2023-04,249.89999999999998
Kabarnet,2023-05,72.89999999999999
Kabarnet,2023-06,45.300000000000004
Kabarnet,2023-07,47.4
Kabarnet,2023-08,79.1
Kabarnet,2023-09,145.2
Kabarnet,2023-10,115.0
Kabarnet,2023-11,265.6
Kabarnet,2023-12,33.4
Kabarnet,2024-01,134.4
Kabarnet,2024-02,65.9
Kabarnet,2024-03,37.9
Kabarnet,2024-04,306.0
Kabarnet,2024-05,146.2
Kabarnet,2024-06,46.2
Kabarnet,2024-07,212.8
Kabarnet,2024-08,280.5
Kabarnet,2024-09,76.4
Kabarnet,2024-10,65.6
Kabarnet,2024-11,203.5
Kabarnet,2024-12,38.0
Kajiado,2022-01,42.2
Kajiado,2022-02,44.3
Kajiado,2022-03,10.3
Kajiado,2022-04,48.2
Kajiado,2022-05,13.5
Kajiado,2022-06,5.9
Kajiado,2022-07,2.7
Kajiado,2022-08,8.6
Kajiado,2022-09,9.7
Kajiado,2022-10,7.4
Kajiado,2022-11,74.3
Kajiado,2022-12,34.2
Kajiado,2023-01,6.2
Kajiado,2023-02,1.6
Kajiado,2023-03,84.5
Kajiado,2023-04,106.7
Kajiado,2023-05,40.4
Kajiado,2023-06,13.1
Kajiado,2023-07,1.6
Kajiado,2023-08,4.0
Kajiado,2023-09,15.1
Kajiado,2023-10,29.5
Kajiado,2023-11,163.4
Kajiado,2023-12,29.1
Kajiado,2024-01,140.2
Kajiado,2024-02,25.2
Kajiado,2024-03,57.7
Kajiado,2024-04,136.1
Kajiado,2024-05,47.1
Kajiado,2024-06,13.6
Kajiado,2024-07,21.9
Kajiado,2024-08,7.8
Kajiado,2024-09,23.3
Kajiado,2024-10,15.799999999999999
Kajiado,2024-11,100.9
Kajiado,2024-12,49.3
Kakamega,2022-01,80.3
Kakamega,2022-02,42.699999999999996
Kakamega,2022-03,51.400000000000006
Kakamega,2022-04,168.7
Kakamega,2022-05,240.2
Kakamega,2022-06,85.1
Kakamega,2022-07,123.4
Kakamega,2022-08,248.1
Kakamega,2022-09,110.4
Kakamega,2022-10,96.8
Kakamega,2022-11,155.8
Kakamega,2022-12,116.6
Kakamega,2023-01,3.2
Kakamega,2023-02,2.5
Kakamega,2023-03,189.0
Kakamega,2023-04,244.8
Kakamega,2023-05,88.2
Kakamega,2023-06,77.0
Kakamega,2023-07,63.300000000000004
Kakamega,2023-08,78.0
Kakamega,2023-09,149.7
Kakamega,2023-10,149.1
Kakamega,2023-11,225.7
Kakamega,2023-12,95.5
Kakamega,2024-01,129.1
Kakamega,2024-02,60.4
Kakamega,2024-03,64.8
Kakamega,2024-04,263.1
Kakamega,2024-05,140.8
Kakamega,2024-06,56.199999999999996
Kakamega,2024-07,109.8
Kakamega,2024-08,86.9
Kakamega,2024-09,96.4
Kakamega,2024-10,133.0
Kakamega,2024-11,282.0
Kakamega,2024-12,86.2
Kapenguria,2022-01,35.8
Kapenguria,2022-02,15.3
Kapenguria,2022-03,11.700000000000001
Kapenguria,2022-04,244.9
Kapenguria,2022-05,116.4
Kapenguria,2022-06,125.3
Kapenguria,2022-07,232.8
Kapenguria,2022-08,267.3
Kapenguria,2022-09,120.5
Kapenguria,2022-10,120.5
Kapenguria,2022-11,47.9
Kapenguria,2022-12,41.1
Kapenguria,2023-01,3.3
Kapenguria,2023-02,0.5
Kapenguria,2023-03,220.1
Kapenguria,2023-04,157.2
Kapenguria,2023-05,82.5
Kapenguria,2023-06,76.9
Kapenguria,2023-07,66.9
Kapenguria,2023-08,74.1
Kapenguria,2023-09,135.0
Kapenguria,2023-10,218.1
Kapenguria,2023-11,198.5
Kapenguria,2023-12,26.2
Kapenguria,2024-01,46.0
Kapenguria,2024-02,33.3
Kapenguria,2024-03,40.7
Kapenguria,2024-04,173.4
Kapenguria,2024-05,158.3
Kapenguria,2024-06,52.4
Kapenguria,2024-07,150.1
Kapenguria,2024-08,226.5
Kapenguria,2024-09,133.9
Kapenguria,2024-10,168.5
Kapenguria,2024-11,167.7
Kapenguria,2024-12,15.299999999999999
Kapsabet,2022-01,20.1
Kapsabet,2022-02,27.0
Kapsabet,2022-03,20.3
Kapsabet,2022-04,157.3
Kapsabet,2022-05,138.0
Kapsabet,2022-06,129.9
Kapsabet,2022-07,147.4
Kapsabet,2022-08,273.7
Kapsabet,2022-09,151.1
Kapsabet,2022-10,65.10000000000001
Kapsabet,2022-11,62.2
Kapsabet,2022-12,18.8
Kapsabet,2023-01,1.2
Kapsabet,2023-02,0.0
Kapsabet,2023-03,144.7
Kapsabet,2023-04,187.1
Kapsabet,2023-05,78.1
Kapsabet,2023-06,78.6
Kapsabet,2023-07,70.4
Kapsabet,2023-08,74.7
Kapsabet,2023-09,133.5
Kapsabet,2023-10,118.0
Kapsabet,2023-11,185.8
Kapsabet,2023-12,38.9
Kapsabet,2024-01,158.4
Kapsabet,2024-02,37.7
Kapsabet,2024-03,32.199999999999996
Kapsabet,2024-04,260.9
Kapsabet,2024-05,134.5
Kapsabet,2024-06,100.3
Kapsabet,2024-07,191.8
Kapsabet,2024-08,177.6
Kapsabet,2024-09,82.6
Kapsabet,2024-10,108.5
Kapsabet,2024-11,164.4
Kapsabet,2024-12,32.9
Kericho,2022-01,67.9
Kericho,2022-02,55.2
Kericho,2022-03,29.6
Kericho,2022-04,258.2
Kericho,2022-05,200.3
Kericho,2022-06,70.5
Kericho,2022-07,78.7
Kericho,2022-08,219.1
Kericho,2022-09,191.5
Kericho,2022-10,116.10000000000001
Kericho,2022-11,172.1
Kericho,2022-12,122.5
Kericho,2023-01,3.1
Kericho,2023-02,3.7
Kericho,2023-03,237.8
Kericho,2023-04,301.2
Kericho,2023-05,81.6
Kericho,2023-06,87.3
Kericho,2023-07,63.9
Kericho,2023-08,88.3
Kericho,2023-09,175.1
Kericho,2023-10,160.8
Kericho,2023-11,365.6
Kericho,2023-12,98.9
Kericho,2024-01,143.8
Kericho,2024-02,57.3
Kericho,2024-03,75.4
Kericho,2024-04,293.0
Kericho,2024-05,166.7
Kericho,2024-06,72.5
Kericho,2024-07,112.2
Kericho,2024-08,110.0
Kericho,2024-09,108.9
Kericho,2024-10,144.3
Kericho,2024-11,308.3
Kericho,2024-12,126.1
Kerugoya,2022-01,14.8
Kerugoya,2022-02,19.2
Kerugoya,2022-03,24.1
Kerugoya,2022-04,125.3
Kerugoya,2022-05,113.7
Kerugoya,2022-06,65.1
Kerugoya,2022-07,76.6
Kerugoya,2022-08,65.7
Kerugoya,2022-09,73.0
Kerugoya,2022-10,40.4
Kerugoya,2022-11,142.0
Kerugoya,2022-12,69.3
Kerugoya,2023-01,11.9
Kerugoya,2023-02,7.9
Kerugoya,2023-03,63.3
Kerugoya,2023-04,170.4
Kerugoya,2023-05,169.9
Kerugoya,2023-06,85.5
Kerugoya,2023-07,77.8
Kerugoya,2023-08,104.3
Kerugoya,2023-09,57.0
Kerugoya,2023-10,145.1
Kerugoya,2023-11,223.29999999999998
Kerugoya,2023-12,56.4
Kerugoya,2024-01,98.5
Kerugoya,2024-02,42.3
Kerugoya,2024-03,34.2
Kerugoya,2024-04,247.0
Kerugoya,2024-05,140.70000000000002
Kerugoya,2024-06,34.3
Kerugoya,2024-07,50.1
Kerugoya,2024-08,72.7
Kerugoya,2024-09,53.4
Kerugoya,2024-10,60.4
Kerugoya,2024-11,144.79999999999998
Kerugoya,2024-12,38.3
Kiambu,2022-01,32.800000000000004
Kiambu,2022-02,22.0
Kiambu,2022-03,13.4
Kiambu,2022-04,119.4
Kiambu,2022-05,55.8
Kiambu,2022-06,19.6
Kiambu,2022-07,32.3
Kiambu,2022-08,40.4
Kiambu,2022-09,28.900000000000002
Kiambu,2022-10,30.2
Kiambu,2022-11,155.0
Kiambu,2022-12,89.2
Kiambu,2023-01,23.0
Kiambu,2023-02,1.8
Kiambu,2023-03,68.3
Kiambu,2023-04,162.4
Kiambu,2023-05,98.3
Kiambu,2023-06,33.2
Kiambu,2023-07,17.7
Kiambu,2023-08,33.9
Kiambu,2023-09,52.7
Kiambu,2023-10,82.4
Kiambu,2023-11,192.3
Kiambu,2023-12,40.2
Kiambu,2024-01,91.0
Kiambu,2024-02,20.1
Kiambu,2024-03,30.0
Kiambu,2024-04,198.1
Kiambu,2024-05,110.6
Kiambu,2024-06,28.3
Kiambu,2024-07,82.8
Kiambu,2024-08,29.7
Kiambu,2024-09,31.900000000000002
Kiambu,2024-10,51.6
Kiambu,2024-11,125.1
Kiambu,2024-12,55.1
Kikuyu,2022-01,48.0
Kikuyu,2022-02,59.800000000000004
Kikuyu,2022-03,12.0
Kikuyu,2022-04,109.6
Kikuyu,2022-05,41.0
Kikuyu,2022-06,22.5
Kikuyu,2022-07,14.9
Kikuyu,2022-08,36.2
Kikuyu,2022-09,47.7
Kikuyu,2022-10,16.6
Kikuyu,2022-11,57.4
Kikuyu,2022-12,56.9
Kikuyu,2023-01,13.0
Kikuyu,2023-02,2.1
Kikuyu,2023-03,92.8
Kikuyu,2023-04,144.1
Kikuyu,2023-05,83.0
Kikuyu,2023-06,44.0
Kikuyu,2023-07,8.299999999999999
Kikuyu,2023-08,16.3
Kikuyu,2023-09,55.1
Kikuyu,2023-10,38.4
Kikuyu,2023-11,179.29999999999998
Kikuyu,2023-12,48.6
Kikuyu,2024-01,191.8
Kikuyu,2024-02,39.3
Kikuyu,2024-03,44.6
Kikuyu,2024-04,169.8
Kikuyu,2024-05,89.0
Kikuyu,2024-06,42.2
Kikuyu,2024-07,91.2
Kikuyu,2024-08,18.0
Kikuyu,2024-09,52.5
Kikuyu,2024-10,37.4
Kikuyu,2024-11,107.30000000000001
Kikuyu,2024-12,55.7
Kilifi,2022-01,21.599999999999998
Kilifi,2022-02,11.0
Kilifi,2022-03,18.7
Kilifi,2022-04,99.0
Kilifi,2022-05,83.4
Kilifi,2022-06,103.6
Kilifi,2022-07,97.89999999999999
Kilifi,2022-08,36.5
Kilifi,2022-09,35.3
Kilifi,2022-10,38.3
Kilifi,2022-11,43.6
Kilifi,2022-12,40.4
Kilifi,2023-01,25.2
Kilifi,2023-02,14.7
Kilifi,2023-03,54.0
Kilifi,2023-04,209.5
Kilifi,2023-05,97.6
Kilifi,2023-06,63.9
Kilifi,2023-07,95.5
Kilifi,2023-08,44.0
Kilifi,2023-09,45.3
Kilifi,2023-10,64.5
Kilifi,2023-11,478.40000000000003
Kilifi,2023-12,275.8
Kilifi,2024-01,95.4
Kilifi,2024-02,65.3
Kilifi,2024-03,122.2
Kilifi,2024-04,360.6
Kilifi,2024-05,86.0
Kilifi,2024-06,67.3
Kilifi,2024-07,33.6
Kilifi,2024-08,64.0
Kilifi,2024-09,38.6
Kilifi,2024-10,39.3
Kilifi,2024-11,130.8
Kilifi,2024-12,189.3
Kimilili,2022-01,45.2
Kimilili,2022-02,44.5
Kimilili,2022-03,13.4
Kimilili,2022-04,126.89999999999999
Kimilili,2022-05,107.2
Kimilili,2022-06,71.3
Kimilili,2022-07,100.8
Kimilili,2022-08,162.0
Kimilili,2022-09,137.1
Kimilili,2022-10,71.2
Kimilili,2022-11,63.8
Kimilili,2022-12,52.3
Kimilili,2023-01,2.7
Kimilili,2023-02,0.8
Kimilili,2023-03,153.6
Kimilili,2023-04,192.0
Kimilili,2023-05,66.1
Kimilili,2023-06,65.0
Kimilili,2023-07,36.4
Kimilili,2023-08,56.3
Kimilili,2023-09,141.8
Kimilili,2023-10,121.2
Kimilili,2023-11,198.79999999999998
Kimilili,2023-12,43.4
Kimilili,2024-01,79.39999999999999
Kimilili,2024-02,52.300000000000004
Kimilili,2024-03,38.4
Kimilili,2024-04,170.79999999999998
Kimilili,2024-05,95.9
Kimilili,2024-06,34.3
Kimilili,2024-07,98.7
Kimilili,2024-08,96.6
Kimilili,2024-09,93.7
Kimilili,2024-10,90.4
Kimilili,2024-11,151.3
Kimilili,2024-12,36.2
Kisii,2022-01,85.6
Kisii,2022-02,55.2
Kisii,2022-03,77.3
Kisii,2022-04,243.0
Kisii,2022-05,164.4
Kisii,2022-06,46.800000000000004
Kisii,2022-07,37.4
Kisii,2022-08,128.6
Kisii,2022-09,110.0
Kisii,2022-10,68.2
Kisii,2022-11,234.4
Kisii,2022-12,170.1
Kisii,2023-01,6.6
Kisii,2023-02,16.3
Kisii,2023-03,232.3
Kisii,2023-04,350.8
Kisii,2023-05,80.1
Kisii,2023-06,49.7
Kisii,2023-07,24.2
Kisii,2023-08,38.2
Kisii,2023-09,103.1
Kisii,2023-10,122.2
Kisii,2023-11,362.3
Kisii,2023-12,148.1
Kisii,2024-01,173.1
Kisii,2024-02,35.3
Kisii,2024-03,96.9
Kisii,2024-04,346.8
Kisii,2024-05,93.2
Kisii,2024-06,40.9
Kisii,2024-07,91.7
Kisii,2024-08,59.8
Kisii,2024-09,101.1
Kisii,2024-10,159.4
Kisii,2024-11,312.4
Kisii,2024-12,127.9
Kisumu,2022-01,98.8
Kisumu,2022-02,75.3
Kisumu,2022-03,44.8
Kisumu,2022-04,122.1
Kisumu,2022-05,122.89999999999999
Kisumu,2022-06,38.3
Kisumu,2022-07,76.8
Kisumu,2022-08,99.8
Kisumu,2022-09,68.7
Kisumu,2022-10,57.6
Kisumu,2022-11,135.3
Kisumu,2022-12,111.0
Kisumu,2023-01,2.0
Kisumu,2023-02,27.5
Kisumu,2023-03,182.5
Kisumu,2023-04,196.1
Kisumu,2023-05,54.3
Kisumu,2023-06,28.5
Kisumu,2023-07,26.5
Kisumu,2023-08,29.9
Kisumu,2023-09,76.3
Kisumu,2023-10,103.5
Kisumu,2023-11,161.8
Kisumu,2023-12,90.30000000000001
Kisumu,2024-01,154.4
Kisumu,2024-02,41.199999999999996
Kisumu,2024-03,44.2
Kisumu,2024-04,126.3
Kisumu,2024-05,54.0
Kisumu,2024-06,32.5
Kisumu,2024-07,76.3
Kisumu,2024-08,37.6
Kisumu,2024-09,57.5
Kisumu,2024-10,83.0
Kisumu,2024-11,180.6
Kisumu,2024-12,89.5
Kitale,2022-01,26.3
Kitale,2022-02,13.1
Kitale,2022-03,28.4
Kitale,2022-04,187.20000000000002
Kitale,2022-05,209.8
Kitale,2022-06,124.6
Kitale,2022-07,160.8
Kitale,2022-08,277.7
Kitale,2022-09,154.9
Kitale,2022-10,127.3
Kitale,2022-11,78.7
Kitale,2022-12,59.7
Kitale,2023-01,4.3
Kitale,2023-02,0.4
Kitale,2023-03,142.6
Kitale,2023-04,183.6
Kitale,2023-05,80.4
Kitale,2023-06,92.7
Kitale,2023-07,78.9
Kitale,2023-08,86.89999999999999
Kitale,2023-09,150.1
Kitale,2023-10,135.5
Kitale,2023-11,198.1
Kitale,2023-12,34.7
Kitale,2024-01,67.9
Kitale,2024-02,31.8
Kitale,2024-03,37.8
Kitale,2024-04,203.1
Kitale,2024-05,157.1
Kitale,2024-06,70.3
Kitale,2024-07,193.1
Kitale,2024-08,162.5
Kitale,2024-09,115.3
Kitale,2024-10,105.6
Kitale,2024-11,209.7
Kitale,2024-12,14.3
Kitenkela,2022-01,23.4
Kitenkela,2022-02,20.5
Kitenkela,2022-03,12.6
Kitenkela,2022-04,90.9
Kitenkela,2022-05,22.6
Kitenkela,2022-06,7.6
Kitenkela,2022-07,6.5
Kitenkela,2022-08,12.8
Kitenkela,2022-09,11.700000000000001
Kitenkela,2022-10,17.7
Kitenkela,2022-11,110.7
Kitenkela,2022-12,54.1
Kitenkela,2023-01,8.1
Kitenkela,2023-02,1.1
Kitenkela,2023-03,88.9
Kitenkela,2023-04,116.3
Kitenkela,2023-05,65.5
Kitenkela,2023-06,16.2
Kitenkela,2023-07,6.2
Kitenkela,2023-08,5.2
Kitenkela,2023-09,22.5
Kitenkela,2023-10,56.4
Kitenkela,2023-11,145.8
Kitenkela,2023-12,34.3
Kitenkela,2024-01,99.1
Kitenkela,2024-02,16.5
Kitenkela,2024-03,42.2
Kitenkela,2024-04,154.6
Kitenkela,2024-05,65.0
Kitenkela,2024-06,18.8
Kitenkela,2024-07,17.5
Kitenkela,2024-08,9.4
Kitenkela,2024-09,18.5
Kitenkela,2024-10,25.400000000000002
Kitenkela,2024-11,128.9
Kitenkela,2024-12,59.9
Kitui,2022-01,13.2
Kitui,2022-02,16.7
Kitui,2022-03,61.199999999999996
Kitui,2022-04,111.3
Kitui,2022-05,8.9
Kitui,2022-06,8.7
Kitui,2022-07,16.1
Kitui,2022-08,17.2
Kitui,2022-09,11.9
Kitui,2022-10,29.5
Kitui,2022-11,172.3
Kitui,2022-12,63.5
Kitui,2023-01,18.7
Kitui,2023-02,4.7
Kitui,2023-03,96.0
Kitui,2023-04,181.9
Kitui,2023-05,64.7
Kitui,2023-06,27.5
Kitui,2023-07,22.0
Kitui,2023-08,14.8
Kitui,2023-09,20.6
Kitui,2023-10,98.5
Kitui,2023-11,265.3
Kitui,2023-12,70.60000000000001
Kitui,2024-01,168.7
Kitui,2024-02,29.900000000000002
Kitui,2024-03,91.0
Kitui,2024-04,155.1
Kitui,2024-05,54.3
Kitui,2024-06,12.3
Kitui,2024-07,17.3
Kitui,2024-08,30.2
Kitui,2024-09,19.3
Kitui,2024-10,29.5
Kitui,2024-11,170.1
Kitui,2024-12,92.4
Kwale,2022-01,16.2
Kwale,2022-02,12.5
Kwale,2022-03,22.4
Kwale,2022-04,135.5
Kwale,2022-05,52.199999999999996
Kwale,2022-06,76.10000000000001
Kwale,2022-07,80.89999999999999
Kwale,2022-08,42.4
Kwale,2022-09,39.3
Kwale,2022-10,43.2
Kwale,2022-11,104.6
Kwale,2022-12,70.4
Kwale,2023-01,44.7
Kwale,2023-02,13.8
Kwale,2023-03,55.1
Kwale,2023-04,259.0
Kwale,2023-05,87.8
Kwale,2023-06,50.1
Kwale,2023-07,71.1
Kwale,2023-08,47.4
Kwale,2023-09,57.5
Kwale,2023-10,120.1
Kwale,2023-11,414.8
Kwale,2023-12,192.1
Kwale,2024-01,109.9
Kwale,2024-02,64.6
Kwale,2024-03,118.9
Kwale,2024-04,264.3
Kwale,2024-05,54.5
Kwale,2024-06,53.1
Kwale,2024-07,33.1
Kwale,2024-08,58.2
Kwale,2024-09,37.8
Kwale,2024-10,54.800000000000004
Kwale,2024-11,106.7
Kwale,2024-12,176.6
Lamu,2022-01,18.2
Lamu,2022-02,6.0
Lamu,2022-03,13.6
Lamu,2022-04,89.5
Lamu,2022-05,166.6
Lamu,2022-06,152.6
Lamu,2022-07,86.4
Lamu,2022-08,41.1
Lamu,2022-09,33.9
Lamu,2022-10,33.3
Lamu,2022-11,76.6
Lamu,2022-12,23.0
Lamu,2023-01,31.5
Lamu,2023-02,4.2
Lamu,2023-03,37.1
Lamu,2023-04,225.39999999999998
Lamu,2023-05,104.2
Lamu,2023-06,50.4
Lamu,2023-07,95.8
Lamu,2023-08,88.1
Lamu,2023-09,44.0
Lamu,2023-10,80.3
Lamu,2023-11,530.9
Lamu,2023-12,85.8
Lamu,2024-01,35.7
Lamu,2024-02,15.2
Lamu,2024-03,41.7
Lamu,2024-04,314.40000000000003
Lamu,2024-05,152.6
Lamu,2024-06,92.3
Lamu,2024-07,78.6
Lamu,2024-08,57.5
Lamu,2024-09,46.9
Lamu,2024-10,45.9
Lamu,2024-11,113.0
Lamu,2024-12,48.7
Lodwar,2022-01,18.700000000000003
Lodwar,2022-02,1.1
Lodwar,2022-03,2.8
Lodwar,2022-04,135.8
Lodwar,2022-05,52.2
Lodwar,2022-06,5.6
Lodwar,2022-07,2.5
Lodwar,2022-08,27.3
Lodwar,2022-09,43.1
Lodwar,2022-10,4.1
Lodwar,2022-11,49.7
Lodwar,2022-12,49.0
Lodwar,2023-01,0.30000000000000004
Lodwar,2023-02,0.0
Lodwar,2023-03,145.1
Lodwar,2023-04,90.1
Lodwar,2023-05,10.5
Lodwar,2023-06,1.7
Lodwar,2023-07,3.0
Lodwar,2023-08,19.0
Lodwar,2023-09,9.5
Lodwar,2023-10,183.29999999999998
Lodwar,2023-11,96.3
Lodwar,2023-12,27.0
Lodwar,2024-01,14.299999999999999
Lodwar,2024-02,20.799999999999997
Lodwar,2024-03,33.5
Lodwar,2024-04,197.8
Lodwar,2024-05,74.1
Lodwar,2024-06,0.7999999999999999
Lodwar,2024-07,55.7
Lodwar,2024-08,68.1
Lodwar,2024-09,11.5
Lodwar,2024-10,31.4
Lodwar,2024-11,173.6
Lodwar,2024-12,1.7
Lunga-Lunga,2022-01,13.799999999999999
Lunga-Lunga,2022-02,14.3
Lunga-Lunga,2022-03,27.200000000000003
Lunga-Lunga,2022-04,128.7
Lunga-Lunga,2022-05,28.7
Lunga-Lunga,2022-06,43.0
Lunga-Lunga,2022-07,54.6
Lunga-Lunga,2022-08,41.0
Lunga-Lunga,2022-09,41.8
Lunga-Lunga,2022-10,36.5
Lunga-Lunga,2022-11,89.9
Lunga-Lunga,2022-12,80.8
Lunga-Lunga,2023-01,55.699999999999996
Lunga-Lunga,2023-02,10.799999999999999
Lunga-Lunga,2023-03,64.3
Lunga-Lunga,2023-04,330.8
Lunga-Lunga,2023-05,89.8
Lunga-Lunga,2023-06,30.9
Lunga-Lunga,2023-07,53.1
Lunga-Lunga,2023-08,35.9
Lunga-Lunga,2023-09,52.6
Lunga-Lunga,2023-10,111.9
Lunga-Lunga,2023-11,455.8
Lunga-Lunga,2023-12,281.5
Lunga-Lunga,2024-01,171.4
Lunga-Lunga,2024-02,58.8
Lunga-Lunga,2024-03,132.4
Lunga-Lunga,2024-04,311.3
Lunga-Lunga,2024-05,62.6
Lunga-Lunga,2024-06,42.5
Lunga-Lunga,2024-07,24.2
Lunga-Lunga,2024-08,43.4
Lunga-Lunga,2024-09,28.1
Lunga-Lunga,2024-10,72.0
Lunga-Lunga,2024-11,106.89999999999999
Lunga-Lunga,2024-12,273.6
Machakos,2022-01,32.8
Machakos,2022-02,19.7
Machakos,2022-03,15.3
Machakos,2022-04,65.6
Machakos,2022-05,22.3
Machakos,2022-06,16.099999999999998
Machakos,2022-07,13.0
Machakos,2022-08,21.9
Machakos,2022-09,17.6
Machakos,2022-10,16.6
Machakos,2022-11,145.2
Machakos,2022-12,55.3
Machakos,2023-01,25.8
Machakos,2023-02,4.7
Machakos,2023-03,80.4
Machakos,2023-04,145.6
Machakos,2023-05,60.7
Machakos,2023-06,25.0
Machakos,2023-07,9.6
Machakos,2023-08,10.7
Machakos,2023-09,33.2
Machakos,2023-10,69.3
Machakos,2023-11,150.3
Machakos,2023-12,47.9
Machakos,2024-01,82.6
Machakos,2024-02,25.7
Machakos,2024-03,51.3
Machakos,2024-04,149.9
Machakos,2024-05,97.2
Machakos,2024-06,14.5
Machakos,2024-07,32.1
Machakos,2024-08,14.4
Machakos,2024-09,29.3
Machakos,2024-10,47.0
Machakos,2024-11,103.1
Machakos,2024-12,68.2
Malindi,2022-01,8.3
Malindi,2022-02,5.1
Malindi,2022-03,12.8
Malindi,2022-04,109.2
Malindi,2022-05,138.9
Malindi,2022-06,150.9
Malindi,2022-07,128.1
Malindi,2022-08,39.5
Malindi,2022-09,33.4
Malindi,2022-10,37.6
Malindi,2022-11,62.1
Malindi,2022-12,22.7
Malindi,2023-01,27.0
Malindi,2023-02,3.5
Malindi,2023-03,74.0
Malindi,2023-04,214.4
Malindi,2023-05,127.3
Malindi,2023-06,64.4
Malindi,2023-07,115.2
Malindi,2023-08,58.4
Malindi,2023-09,42.8
Malindi,2023-10,84.6
Malindi,2023-11,409.59999999999997
Malindi,2023-12,188.4
Malindi,2024-01,43.1
Malindi,2024-02,45.4
Malindi,2024-03,82.1
Malindi,2024-04,257.5
Malindi,2024-05,84.2
Malindi,2024-06,112.0
Malindi,2024-07,48.8
Malindi,2024-08,75.0
Malindi,2024-09,47.7
Malindi,2024-10,46.3
Malindi,2024-11,118.0
Malindi,2024-12,154.7
Mandera,2022-01,0.9
Mandera,2022-02,0.0
Mandera,2022-03,30.2
Mandera,2022-04,29.1
Mandera,2022-05,17.8
Mandera,2022-06,17.3
Mandera,2022-07,2.2
Mandera,2022-08,5.2
Mandera,2022-09,0.8
Mandera,2022-10,63.800000000000004
Mandera,2022-11,18.3
Mandera,2022-12,17.1
Mandera,2023-01,3.9000000000000004
Mandera,2023-02,0.0
Mandera,2023-03,91.7
Mandera,2023-04,92.39999999999999
Mandera,2023-05,14.9
Mandera,2023-06,3.8000000000000003
Mandera,2023-07,6.4
Mandera,2023-08,4.7
Mandera,2023-09,4.7
Mandera,2023-10,203.4
Mandera,2023-11,187.8
Mandera,2023-12,0.4
Mandera,2024-01,0.7
Mandera,2024-02,0.1
Mandera,2024-03,17.8
Mandera,2024-04,153.6
Mandera,2024-05,50.2
Mandera,2024-06,2.0
Mandera,2024-07,2.1
Mandera,2024-08,6.8999999999999995
Mandera,2024-09,3.2
Mandera,2024-10,23.1
Mandera,2024-11,50.9
Mandera,2024-12,0.0
Maralal,2022-01,36.2
Maralal,2022-02,17.2
Maralal,2022-03,17.8
Maralal,2022-04,53.0
Maralal,2022-05,29.2
Maralal,2022-06,44.8
Maralal,2022-07,59.900000000000006
Maralal,2022-08,149.6
Maralal,2022-09,81.2
Maralal,2022-10,19.0
Maralal,2022-11,55.9
Maralal,2022-12,45.7
Maralal,2023-01,31.5
Maralal,2023-02,1.6
Maralal,2023-03,92.4
Maralal,2023-04,162.1
Maralal,2023-05,32.8
Maralal,2023-06,22.7
Maralal,2023-07,37.9
Maralal,2023-08,42.8
Maralal,2023-09,66.8
Maralal,2023-10,83.8
Maralal,2023-11,158.1
Maralal,2023-12,36.7
Maralal,2024-01,72.2
Maralal,2024-02,43.8
Maralal,2024-03,31.8
Maralal,2024-04,235.1
Maralal,2024-05,111.8
Maralal,2024-06,22.0
Maralal,2024-07,247.2
Maralal,2024-08,211.7
Maralal,2024-09,47.3
Maralal,2024-10,95.4
Maralal,2024-11,84.5
Maralal,2024-12,15.200000000000001
Marsabit,2022-01,45.7
Marsabit,2022-02,6.5
Marsabit,2022-03,7.4
Marsabit,2022-04,56.8
Marsabit,2022-05,8.9
Marsabit,2022-06,6.9
Marsabit,2022-07,1.2
Marsabit,2022-08,2.7
Marsabit,2022-09,6.1
Marsabit,2022-10,19.0
Marsabit,2022-11,40.7
Marsabit,2022-12,30.0
Marsabit,2023-01,10.1
Marsabit,2023-02,1.4000000000000001
Marsabit,2023-03,104.4
Marsabit,2023-04,85.4
Marsabit,2023-05,25.0
Marsabit,2023-06,10.1
Marsabit,2023-07,12.6
Marsabit,2023-08,6.4
Marsabit,2023-09,8.3
Marsabit,2023-10,82.3
Marsabit,2023-11,110.39999999999999
Marsabit,2023-12,23.0
Marsabit,2024-01,36.5
Marsabit,2024-02,24.3
Marsabit,2024-03,36.8
Marsabit,2024-04,146.9
Marsabit,2024-05,109.0
Marsabit,2024-06,3.3
Marsabit,2024-07,9.9
Marsabit,2024-08,27.0
Marsabit,2024-09,8.6
Marsabit,2024-10,25.3
Marsabit,2024-11,127.3
Marsabit,2024-12,13.2
Meru,2022-01,34.9
Meru,2022-02,37.2
Meru,2022-03,42.8
Meru,2022-04,85.6
Meru,2022-05,32.9
Meru,2022-06,10.9
Meru,2022-07,30.8
Meru,2022-08,34.8
Meru,2022-09,43.1
Meru,2022-10,51.9
Meru,2022-11,147.1
Meru,2022-12,95.2
Meru,2023-01,44.2
Meru,2023-02,11.4
Meru,2023-03,104.2
Meru,2023-04,156.8
Meru,2023-05,85.9
Meru,2023-06,21.2
Meru,2023-07,23.6
Meru,2023-08,19.5
Meru,2023-09,53.2
Meru,2023-10,92.1
Meru,2023-11,203.4
Meru,2023-12,91.7
Meru,2024-01,100.2
Meru,2024-02,72.7
Meru,2024-03,43.3
Meru,2024-04,370.7
Meru,2024-05,142.6
Meru,2024-06,6.6
Meru,2024-07,65.3
Meru,2024-08,30.1
Meru,2024-09,38.4
Meru,2024-10,82.4
Meru,2024-11,152.6
Meru,2024-12,68.0
Migori,2022-01,89.5
Migori,2022-02,98.9
Migori,2022-03,35.2
Migori,2022-04,122.2
Migori,2022-05,82.2
Migori,2022-06,11.5
Migori,2022-07,23.200000000000003
Migori,2022-08,52.4
Migori,2022-09,59.8
Migori,2022-10,36.800000000000004
Migori,2022-11,131.3
Migori,2022-12,115.5
Migori,2023-01,9.200000000000001
Migori,2023-02,48.4
Migori,2023-03,201.6
Migori,2023-04,198.7
Migori,2023-05,48.5
Migori,2023-06,27.6
Migori,2023-07,11.100000000000001
Migori,2023-08,16.4
Migori,2023-09,72.8
Migori,2023-10,60.0
Migori,2023-11,200.7
Migori,2023-12,85.0
Migori,2024-01,111.8
Migori,2024-02,48.5
Migori,2024-03,54.1
Migori,2024-04,177.20000000000002
Migori,2024-05,44.1
Migori,2024-06,13.5
Migori,2024-07,41.3
Migori,2024-08,19.8
Migori,2024-09,42.1
Migori,2024-10,84.8
Migori,2024-11,191.6
Migori,2024-12,102.8
Molo,2022-01,21.8
Molo,2022-02,11.5
Molo,2022-03,6.9
Molo,2022-04,98.1
Molo,2022-05,28.2
Molo,2022-06,68.89999999999999
Molo,2022-07,83.5
Molo,2022-08,218.4
Molo,2022-09,116.2
Molo,2022-10,34.1
Molo,2022-11,62.4
Molo,2022-12,45.2
Molo,2023-01,8.1
Molo,2023-02,1.0
Molo,2023-03,89.7
Molo,2023-04,121.9
Molo,2023-05,42.2
Molo,2023-06,23.7
Molo,2023-07,34.2
Molo,2023-08,39.4
Molo,2023-09,90.3
Molo,2023-10,77.1
Molo,2023-11,141.7
Molo,2023-12,32.699999999999996
Molo,2024-01,58.0
Molo,2024-02,29.2
Molo,2024-03,23.5
Molo,2024-04,142.2
Molo,2024-05,92.89999999999999
Molo,2024-06,22.4
Molo,2024-07,168.6
Molo,2024-08,171.3
Molo,2024-09,76.0
Molo,2024-10,85.4
Molo,2024-11,110.1
Molo,2024-12,33.5
Mombasa,2022-01,14.9
Mombasa,2022-02,7.5
Mombasa,2022-03,22.2
Mombasa,2022-04,148.5
Mombasa,2022-05,110.60000000000001
Mombasa,2022-06,135.3
Mombasa,2022-07,147.7
Mombasa,2022-08,52.6
Mombasa,2022-09,55.5
Mombasa,2022-10,41.8
Mombasa,2022-11,79.7
Mombasa,2022-12,72.9
Mombasa,2023-01,30.799999999999997
Mombasa,2023-02,6.9
Mombasa,2023-03,74.3
Mombasa,2023-04,321.6
Mombasa,2023-05,130.9
Mombasa,2023-06,67.3
Mombasa,2023-07,118.0
Mombasa,2023-08,67.9
Mombasa,2023-09,65.3
Mombasa,2023-10,100.4
Mombasa,2023-11,364.3
Mombasa,2023-12,194.2
Mombasa,2024-01,133.9
Mombasa,2024-02,65.2
Mombasa,2024-03,124.7
Mombasa,2024-04,364.0
Mombasa,2024-05,106.2
Mombasa,2024-06,76.89999999999999
Mombasa,2024-07,51.1
Mombasa,2024-08,91.8
Mombasa,2024-09,55.699999999999996
Mombasa,2024-10,57.0
Mombasa,2024-11,123.2
Mombasa,2024-12,228.9
Mumias,2022-01,63.0
Mumias,2022-02,46.7
Mumias,2022-03,96.10000000000001
Mumias,2022-04,223.1
Mumias,2022-05,268.6
Mumias,2022-06,40.5
Mumias,2022-07,90.7
Mumias,2022-08,147.8
Mumias,2022-09,102.8
Mumias,2022-10,65.5
Mumias,2022-11,203.6
Mumias,2022-12,138.8
Mumias,2023-01,3.7
Mumias,2023-02,10.899999999999999
Mumias,2023-03,233.8
Mumias,2023-04,281.1
Mumias,2023-05,86.1
Mumias,2023-06,62.7
Mumias,2023-07,63.9
Mumias,2023-08,48.1
Mumias,2023-09,152.1
Mumias,2023-10,174.6
Mumias,2023-11,255.0
Mumias,2023-12,97.7
Mumias,2024-01,93.7
Mumias,2024-02,47.1
Mumias,2024-03,60.8
Mumias,2024-04,226.4
Mumias,2024-05,97.7
Mumias,2024-06,61.9
Mumias,2024-07,74.1
Mumias,2024-08,71.6
Mumias,2024-09,119.6
Mumias,2024-10,139.0
Mumias,2024-11,236.0
Mumias,2024-12,66.9
Murang’a,2022-01,13.1
Murang’a,2022-02,26.8
Murang’a,2022-03,19.6
Murang’a,2022-04,153.7
Murang’a,2022-05,87.10000000000001
Murang’a,2022-06,29.7
Murang’a,2022-07,78.9
Murang’a,2022-08,76.1
Murang’a,2022-09,37.7
Murang’a,2022-10,55.9
Murang’a,2022-11,135.2
Murang’a,2022-12,66.5
Murang’a,2023-01,23.4
Murang’a,2023-02,11.1
Murang’a,2023-03,73.1
Murang’a,2023-04,190.0
Murang’a,2023-05,106.7
Murang’a,2023-06,51.2
Murang’a,2023-07,33.2
Murang’a,2023-08,54.7
Murang’a,2023-09,62.7
Murang’a,2023-10,119.5
Murang’a,2023-11,227.5
Murang’a,2023-12,47.5
Murang’a,2024-01,103.2
Murang’a,2024-02,30.8
Murang’a,2024-03,45.6
Murang’a,2024-04,319.9
Murang’a,2024-05,152.6
Murang’a,2024-06,28.1
Murang’a,2024-07,60.9
Murang’a,2024-08,84.6
Murang’a,2024-09,28.200000000000003
Murang’a,2024-10,47.0
Murang’a,2024-11,156.4
Murang’a,2024-12,59.8
Mwatate,2022-01,19.4
Mwatate,2022-02,32.199999999999996
Mwatate,2022-03,21.8
Mwatate,2022-04,83.0
Mwatate,2022-05,22.1
Mwatate,2022-06,3.7
Mwatate,2022-07,14.1
Mwatate,2022-08,21.0
Mwatate,2022-09,15.9
Mwatate,2022-10,20.1
Mwatate,2022-11,119.3
Mwatate,2022-12,55.199999999999996
Mwatate,2023-01,17.400000000000002
Mwatate,2023-02,4.4
Mwatate,2023-03,45.5
Mwatate,2023-04,168.2
Mwatate,2023-05,74.7
Mwatate,2023-06,28.6
Mwatate,2023-07,18.8
Mwatate,2023-08,26.7
Mwatate,2023-09,67.5
Mwatate,2023-10,106.7
Mwatate,2023-11,353.4
Mwatate,2023-12,105.8
Mwatate,2024-01,84.2
Mwatate,2024-02,39.8
Mwatate,2024-03,107.8
Mwatate,2024-04,155.5
Mwatate,2024-05,37.9
Mwatate,2024-06,24.000000000000004
Mwatate,2024-07,9.9
Mwatate,2024-08,46.3
Mwatate,2024-09,23.5
Mwatate,2024-10,54.5
Mwatate,2024-11,118.0
Mwatate,2024-12,114.3
Nairobi,2022-01,22.5
Nairobi,2022-02,15.1
Nairobi,2022-03,9.5
Nairobi,2022-04,94.8
Nairobi,2022-05,30.6
Nairobi,2022-06,18.0
Nairobi,2022-07,13.9
Nairobi,2022-08,26.5
Nairobi,2022-09,22.7
Nairobi,2022-10,17.3
Nairobi,2022-11,127.4
Nairobi,2022-12,53.0
Nairobi,2023-01,11.0
Nairobi,2023-02,2.5999999999999996
Nairobi,2023-03,71.0
Nairobi,2023-04,158.6
Nairobi,2023-05,88.5
Nairobi,2023-06,24.2
Nairobi,2023-07,7.0
Nairobi,2023-08,14.200000000000001
Nairobi,2023-09,28.6
Nairobi,2023-10,56.7
Nairobi,2023-11,183.9
Nairobi,2023-12,36.2
Nairobi,2024-01,82.9
Nairobi,2024-02,27.8
Nairobi,2024-03,35.5
Nairobi,2024-04,177.8
Nairobi,2024-05,79.8
Nairobi,2024-06,25.7
Nairobi,2024-07,51.8
Nairobi,2024-08,15.8
Nairobi,2024-09,22.1
Nairobi,2024-10,35.4
Nairobi,2024-11,129.0
Nairobi,2024-12,71.39999999999999
Nakuru,2022-01,24.999999999999996
Nakuru,2022-02,18.8
Nakuru,2022-03,7.8
Nakuru,2022-04,99.4
Nakuru,2022-05,90.0
Nakuru,2022-06,22.099999999999998
Nakuru,2022-07,35.4
Nakuru,2022-08,73.7
Nakuru,2022-09,90.5
Nakuru,2022-10,45.0
Nakuru,2022-11,144.5
Nakuru,2022-12,47.3
Nakuru,2023-01,3.3
Nakuru,2023-02,0.4
Nakuru,2023-03,100.4
Nakuru,2023-04,130.4
Nakuru,2023-05,23.900000000000002
Nakuru,2023-06,9.9
Nakuru,2023-07,8.9
Nakuru,2023-08,26.4
Nakuru,2023-09,82.89999999999999
Nakuru,2023-10,40.3
Nakuru,2023-11,201.1
Nakuru,2023-12,28.1
Nakuru,2024-01,109.10000000000001
Nakuru,2024-02,45.1
Nakuru,2024-03,22.6
Nakuru,2024-04,253.9
Nakuru,2024-05,98.5
Nakuru,2024-06,9.7
Nakuru,2024-07,92.9
Nakuru,2024-08,49.0
Nakuru,2024-09,60.1
Nakuru,2024-10,43.9
Nakuru,2024-11,134.8
Nakuru,2024-12,22.6
Nandi Hills,2022-01,54.8
Nandi Hills,2022-02,82.1
Nandi Hills,2022-03,52.4
Nandi Hills,2022-04,178.5
Nandi Hills,2022-05,135.6
Nandi Hills,2022-06,96.7
Nandi Hills,2022-07,158.5
Nandi Hills,2022-08,304.09999999999997
Nandi Hills,2022-09,155.8
Nandi Hills,2022-10,99.4
Nandi Hills,2022-11,178.5
Nandi Hills,2022-12,69.1
Nandi Hills,2023-01,3.3
Nandi Hills,2023-02,1.6
Nandi Hills,2023-03,194.20000000000002
Nandi Hills,2023-04,230.9
Nandi Hills,2023-05,93.8
Nandi Hills,2023-06,97.8
Nandi Hills,2023-07,75.2
Nandi Hills,2023-08,97.4
Nandi Hills,2023-09,139.4
Nandi Hills,2023-10,134.7
Nandi Hills,2023-11,207.4
Nandi Hills,2023-12,90.9
Nandi Hills,2024-01,199.70000000000002
Nandi Hills,2024-02,52.9
Nandi Hills,2024-03,48.900000000000006
Nandi Hills,2024-04,247.1
Nandi Hills,2024-05,129.6
Nandi Hills,2024-06,49.9
Nandi Hills,2024-07,149.1
Nandi Hills,2024-08,130.29999999999998
Nandi Hills,2024-09,103.4
Nandi Hills,2024-10,107.4
Nandi Hills,2024-11,224.4
Nandi Hills,2024-12,101.5
Narok,2022-01,54.4
Narok,2022-02,103.3
Narok,2022-03,8.2
Narok,2022-04,85.0
Narok,2022-05,36.6
Narok,2022-06,10.5
Narok,2022-07,15.5
Narok,2022-08,18.4
Narok,2022-09,50.5
Narok,2022-10,6.3999999999999995
Narok,2022-11,104.9
Narok,2022-12,66.7
Narok,2023-01,2.6
Narok,2023-02,1.7
Narok,2023-03,110.6
Narok,2023-04,100.8
Narok,2023-05,45.4
Narok,2023-06,12.0
Narok,2023-07,5.3
Narok,2023-08,4.9
Narok,2023-09,44.3
Narok,2023-10,15.6
Narok,2023-11,171.5
Narok,2023-12,73.8
Narok,2024-01,204.1
Narok,2024-02,26.7
Narok,2024-03,46.6
Narok,2024-04,223.4
Narok,2024-05,86.8
Narok,2024-06,8.1
Narok,2024-07,48.7
Narok,2024-08,4.3
Narok,2024-09,48.699999999999996
Narok,2024-10,35.5
Narok,2024-11,117.8
Narok,2024-12,92.3
Ngong,2022-01,43.5
Ngong,2022-02,60.7
Ngong,2022-03,10.9
Ngong,2022-04,90.4
Ngong,2022-05,34.5
Ngong,2022-06,18.1
Ngong,2022-07,14.5
Ngong,2022-08,24.9
Ngong,2022-09,29.5
Ngong,2022-10,14.8
Ngong,2022-11,66.5
Ngong,2022-12,42.0
Ngong,2023-01,8.5
Ngong,2023-02,1.6
Ngong,2023-03,103.2
Ngong,2023-04,162.20000000000002
Ngong,2023-05,59.3
Ngong,2023-06,30.3
Ngong,2023-07,7.9
Ngong,2023-08,14.4
Ngong,2023-09,35.4
Ngong,2023-10,34.7
Ngong,2023-11,155.9
Ngong,2023-12,24.7
Ngong,2024-01,133.70000000000002
Ngong,2024-02,23.8
Ngong,2024-03,44.2
Ngong,2024-04,219.5
Ngong,2024-05,84.6
Ngong,2024-06,29.2
Ngong,2024-07,56.199999999999996
Ngong,2024-08,13.2
Ngong,2024-09,59.4
Ngong,2024-10,36.0
Ngong,2024-11,90.6
Ngong,2024-12,58.0
Nyamira,2022-01,57.300000000000004
Nyamira,2022-02,46.0
Nyamira,2022-03,54.4
Nyamira,2022-04,237.1
Nyamira,2022-05,136.2
Nyamira,2022-06,43.3
Nyamira,2022-07,34.7
Nyamira,2022-08,169.1
Nyamira,2022-09,91.9
Nyamira,2022-10,90.7
Nyamira,2022-11,198.20000000000002
Nyamira,2022-12,126.4
Nyamira,2023-01,3.4
Nyamira,2023-02,10.8
Nyamira,2023-03,202.1
Nyamira,2023-04,308.9
Nyamira,2023-05,65.9
Nyamira,2023-06,81.9
Nyamira,2023-07,40.0
Nyamira,2023-08,80.6
Nyamira,2023-09,153.5
Nyamira,2023-10,156.8
Nyamira,2023-11,287.2
Nyamira,2023-12,114.4
Nyamira,2024-01,130.9
Nyamira,2024-02,49.1
Nyamira,2024-03,87.4
Nyamira,2024-04,272.3
Nyamira,2024-05,126.7
Nyamira,2024-06,50.300000000000004
Nyamira,2024-07,99.6
Nyamira,2024-08,96.0
Nyamira,2024-09,101.4
Nyamira,2024-10,179.1
Nyamira,2024-11,284.8
Nyamira,2024-12,102.8
Nyeri,2022-01,12.7
Nyeri,2022-02,47.9
Nyeri,2022-03,42.4
Nyeri,2022-04,145.1
Nyeri,2022-05,84.3
Nyeri,2022-06,49.8
Nyeri,2022-07,66.1
Nyeri,2022-08,71.9
Nyeri,2022-09,86.0
Nyeri,2022-10,34.4
Nyeri,2022-11,174.6
Nyeri,2022-12,96.89999999999999
Nyeri,2023-01,13.5
Nyeri,2023-02,5.4
Nyeri,2023-03,85.0
Nyeri,2023-04,190.4
Nyeri,2023-05,113.4
Nyeri,2023-06,62.4
Nyeri,2023-07,45.8
Nyeri,2023-08,48.1
Nyeri,2023-09,66.4
Nyeri,2023-10,90.1
Nyeri,2023-11,254.29999999999998
Nyeri,2023-12,74.8
Nyeri,2024-01,96.8
Nyeri,2024-02,54.4
Nyeri,2024-03,76.89999999999999
Nyeri,2024-04,239.6
Nyeri,2024-05,185.3
Nyeri,2024-06,35.4
Nyeri,2024-07,73.0
Nyeri,2024-08,57.8
Nyeri,2024-09,42.4
Nyeri,2024-10,53.699999999999996
Nyeri,2024-11,168.1
Nyeri,2024-12,51.4
Ol Kalou,2022-01,9.6
Ol Kalou,2022-02,5.4
Ol Kalou,2022-03,5.0
Ol Kalou,2022-04,88.5
Ol Kalou,2022-05,32.7
Ol Kalou,2022-06,34.3
Ol Kalou,2022-07,35.7
Ol Kalou,2022-08,114.0
Ol Kalou,2022-09,130.6
Ol Kalou,2022-10,23.2
Ol Kalou,2022-11,72.4
Ol Kalou,2022-12,19.0
Ol Kalou,2023-01,2.7
Ol Kalou,2023-02,0.8
Ol Kalou,2023-03,50.2
Ol Kalou,2023-04,152.9
Ol Kalou,2023-05,47.1
Ol Kalou,2023-06,31.5
Ol Kalou,2023-07,21.4
Ol Kalou,2023-08,31.8
Ol Kalou,2023-09,113.3
Ol Kalou,2023-10,104.9
Ol Kalou,2023-11,132.1
Ol Kalou,2023-12,18.8
Ol Kalou,2024-01,32.5
Ol Kalou,2024-02,12.0
Ol Kalou,2024-03,6.0
Ol Kalou,2024-04,213.6
Ol Kalou,2024-05,134.9
Ol Kalou,2024-06,24.0
Ol Kalou,2024-07,146.4
Ol Kalou,2024-08,107.6
Ol Kalou,2024-09,60.4
Ol Kalou,2024-10,96.4
Ol Kalou,2024-11,95.9
Ol Kalou,2024-12,12.3
Ongata Rongai,2022-01,20.9
Ongata Rongai,2022-02,12.799999999999999
Ongata Rongai,2022-03,12.8
Ongata Rongai,2022-04,71.7
Ongata Rongai,2022-05,25.2
Ongata Rongai,2022-06,13.8
Ongata Rongai,2022-07,9.4
Ongata Rongai,2022-08,17.3
Ongata Rongai,2022-09,21.6
Ongata Rongai,2022-10,14.5
Ongata Rongai,2022-11,104.9
Ongata Rongai,2022-12,40.6
Ongata Rongai,2023-01,9.3
Ongata Rongai,2023-02,1.3
Ongata Rongai,2023-03,61.0
Ongata Rongai,2023-04,155.0
Ongata Rongai,2023-05,83.4
Ongata Rongai,2023-06,37.8
Ongata Rongai,2023-07,5.0
Ongata Rongai,2023-08,9.1
Ongata Rongai,2023-09,30.5
Ongata Rongai,2023-10,52.8
Ongata Rongai,2023-11,170.70000000000002
Ongata Rongai,2023-12,30.5
Ongata Rongai,2024-01,78.8
Ongata Rongai,2024-02,24.900000000000002
Ongata Rongai,2024-03,33.3
Ongata Rongai,2024-04,135.3
Ongata Rongai,2024-05,59.6
Ongata Rongai,2024-06,17.6
Ongata Rongai,2024-07,45.3
Ongata Rongai,2024-08,15.2
Ongata Rongai,2024-09,17.1
Ongata Rongai,2024-10,23.3
Ongata Rongai,2024-11,120.1
Ongata Rongai,2024-12,73.3
Ramu,2022-01,0.9
Ramu,2022-02,0.0
Ramu,2022-03,10.6
Ramu,2022-04,38.3
Ramu,2022-05,11.2
Ramu,2022-06,22.5
Ramu,2022-07,4.199999999999999
Ramu,2022-08,4.1000000000000005
Ramu,2022-09,4.9
Ramu,2022-10,65.4
Ramu,2022-11,11.7
Ramu,2022-12,2.2
Ramu,2023-01,11.3
Ramu,2023-02,0.0
Ramu,2023-03,92.0
Ramu,2023-04,90.6
Ramu,2023-05,13.8
Ramu,2023-06,3.0999999999999996
Ramu,2023-07,6.8
Ramu,2023-08,4.7
Ramu,2023-09,1.5
Ramu,2023-10,170.5
Ramu,2023-11,194.0
Ramu,2023-12,2.0
Ramu,2024-01,0.30000000000000004
Ramu,2024-02,0.4
Ramu,2024-03,42.8
Ramu,2024-04,137.8
Ramu,2024-05,44.199999999999996
Ramu,2024-06,4.3999999999999995
Ramu,2024-07,18.9
Ramu,2024-08,17.9
Ramu,2024-09,3.4
Ramu,2024-10,17.7
Ramu,2024-11,62.4
Ramu,2024-12,0.7000000000000001
Rumuruti,2022-01,22.2
Rumuruti,2022-02,5.2
Rumuruti,2022-03,13.0
Rumuruti,2022-04,50.8
Rumuruti,2022-05,26.1
Rumuruti,2022-06,28.2
Rumuruti,2022-07,30.799999999999997
Rumuruti,2022-08,138.4
Rumuruti,2022-09,82.3
Rumuruti,2022-10,15.600000000000001
Rumuruti,2022-11,68.4
Rumuruti,2022-12,26.4
Rumuruti,2023-01,16.700000000000003
Rumuruti,2023-02,0.30000000000000004
Rumuruti,2023-03,80.4
Rumuruti,2023-04,140.8
Rumuruti,2023-05,29.400000000000002
Rumuruti,2023-06,7.0
Rumuruti,2023-07,12.9
Rumuruti,2023-08,26.8
Rumuruti,2023-09,32.9
Rumuruti,2023-10,63.1
Rumuruti,2023-11,139.6
Rumuruti,2023-12,25.5
Rumuruti,2024-01,97.1
Rumuruti,2024-02,30.0
Rumuruti,2024-03,11.0
Rumuruti,2024-04,166.0
Rumuruti,2024-05,107.9
Rumuruti,2024-06,15.9
Rumuruti,2024-07,161.9
Rumuruti,2024-08,142.3
Rumuruti,2024-09,36.8
Rumuruti,2024-10,37.7
Rumuruti,2024-11,128.1
Rumuruti,2024-12,32.5
Siaya,2022-01,79.19999999999999
Siaya,2022-02,87.3
Siaya,2022-03,131.4
Siaya,2022-04,233.3
Siaya,2022-05,200.0
Siaya,2022-06,42.5
Siaya,2022-07,64.1
Siaya,2022-08,115.7
Siaya,2022-09,138.5
Siaya,2022-10,54.8
Siaya,2022-11,220.9
Siaya,2022-12,180.9
Siaya,2023-01,27.5
Siaya,2023-02,32.1
Siaya,2023-03,278.3
Siaya,2023-04,277.3
Siaya,2023-05,82.7
Siaya,2023-06,91.6
Siaya,2023-07,57.8
Siaya,2023-08,34.6
Siaya,2023-09,128.6
Siaya,2023-10,148.3
Siaya,2023-11,188.9
Siaya,2023-12,112.6
Siaya,2024-01,108.7
Siaya,2024-02,83.7
Siaya,2024-03,77.4
Siaya,2024-04,212.6
Siaya,2024-05,91.3
Siaya,2024-06,67.0
Siaya,2024-07,74.9
Siaya,2024-08,80.5
Siaya,2024-09,138.5
Siaya,2024-10,172.79999999999998
Siaya,2024-11,251.70000000000002
Siaya,2024-12,131.7
Sotik Post,2022-01,60.5
Sotik Post,2022-02,102.8
Sotik Post,2022-03,49.7
Sotik Post,2022-04,118.7
Sotik Post,2022-05,109.0
Sotik Post,2022-06,24.3
Sotik Post,2022-07,21.2
Sotik Post,2022-08,77.6
Sotik Post,2022-09,81.5
Sotik Post,2022-10,43.6
Sotik Post,2022-11,160.5
Sotik Post,2022-12,113.2
Sotik Post,2023-01,2.8000000000000003
Sotik Post,2023-02,3.1
Sotik Post,2023-03,154.7
Sotik Post,2023-04,230.1
Sotik Post,2023-05,55.9
Sotik Post,2023-06,29.9
Sotik Post,2023-07,13.3
Sotik Post,2023-08,27.4
Sotik Post,2023-09,86.9
Sotik Post,2023-10,39.9
Sotik Post,2023-11,289.59999999999997
Sotik Post,2023-12,137.9
Sotik Post,2024-01,189.8
Sotik Post,2024-02,40.4
Sotik Post,2024-03,57.599999999999994
Sotik Post,2024-04,238.9
Sotik Post,2024-05,74.39999999999999
Sotik Post,2024-06,24.7
Sotik Post,2024-07,49.6
Sotik Post,2024-08,31.8
Sotik Post,2024-09,79.3
Sotik Post,2024-10,66.8
Sotik Post,2024-11,211.3
Sotik Post,2024-12,90.3
Thika,2022-01,15.4
Thika,2022-02,18.0
Thika,2022-03,12.1
Thika,2022-04,156.3
Thika,2022-05,51.3
Thika,2022-06,16.6
Thika,2022-07,14.5
Thika,2022-08,26.6
Thika,2022-09,28.9
Thika,2022-10,30.2
Thika,2022-11,103.7
Thika,2022-12,49.5
Thika,2023-01,13.6
Thika,2023-02,3.0999999999999996
Thika,2023-03,74.0
Thika,2023-04,198.0
Thika,2023-05,76.6
Thika,2023-06,21.799999999999997
Thika,2023-07,9.7
Thika,2023-08,21.099999999999998
Thika,2023-09,50.6
Thika,2023-10,69.9
Thika,2023-11,202.79999999999998
Thika,2023-12,32.1
Thika,2024-01,91.60000000000001
Thika,2024-02,24.2
Thika,2024-03,49.3
Thika,2024-04,231.1
Thika,2024-05,110.2
Thika,2024-06,21.0
Thika,2024-07,59.8
Thika,2024-08,26.1
Thika,2024-09,21.200000000000003
Thika,2024-10,51.9
Thika,2024-11,172.5
Thika,2024-12,42.5
Ukunda,2022-01,23.0
Ukunda,2022-02,9.8
Ukunda,2022-03,17.0
Ukunda,2022-04,161.5
Ukunda,2022-05,80.6
Ukunda,2022-06,125.1
Ukunda,2022-07,150.0
Ukunda,2022-08,64.3
Ukunda,2022-09,63.7
Ukunda,2022-10,55.4
Ukunda,2022-11,72.4
Ukunda,2022-12,56.0
Ukunda,2023-01,28.8
Ukunda,2023-02,12.4
Ukunda,2023-03,63.9
Ukunda,2023-04,326.4
Ukunda,2023-05,113.8
Ukunda,2023-06,75.5
Ukunda,2023-07,116.4
Ukunda,2023-08,60.5
Ukunda,2023-09,63.1
Ukunda,2023-10,99.0
Ukunda,2023-11,354.2
Ukunda,2023-12,250.9
Ukunda,2024-01,181.2
Ukunda,2024-02,74.8
Ukunda,2024-03,117.1
Ukunda,2024-04,290.1
Ukunda,2024-05,109.7
Ukunda,2024-06,79.6
Ukunda,2024-07,45.6
Ukunda,2024-08,80.0
Ukunda,2024-09,60.6
Ukunda,2024-10,65.1
Ukunda,2024-11,107.3
Ukunda,2024-12,224.4
Vihiga,2022-01,106.89999999999999
Vihiga,2022-02,70.9
Vihiga,2022-03,89.5
Vihiga,2022-04,214.4
Vihiga,2022-05,204.3
Vihiga,2022-06,66.0
Vihiga,2022-07,112.4
Vihiga,2022-08,193.8
Vihiga,2022-09,153.9
Vihiga,2022-10,118.5
Vihiga,2022-11,208.5
Vihiga,2022-12,149.4
Vihiga,2023-01,2.1
Vihiga,2023-02,20.299999999999997
Vihiga,2023-03,209.0
Vihiga,2023-04,276.1
Vihiga,2023-05,94.6
Vihiga,2023-06,54.9
Vihiga,2023-07,54.6
Vihiga,2023-08,58.8
Vihiga,2023-09,153.1
Vihiga,2023-10,151.8
Vihiga,2023-11,298.5
Vihiga,2023-12,110.7
Vihiga,2024-01,158.8
Vihiga,2024-02,59.2
Vihiga,2024-03,88.10000000000001
Vihiga,2024-04,224.6
Vihiga,2024-05,98.5
Vihiga,2024-06,45.3
Vihiga,2024-07,112.1
Vihiga,2024-08,50.9
Vihiga,2024-09,103.2
Vihiga,2024-10,168.8
Vihiga,2024-11,321.1
Vihiga,2024-12,149.4
Wajir,2022-01,1.6
Wajir,2022-02,0.4
Wajir,2022-03,8.5
Wajir,2022-04,55.1
Wajir,2022-05,24.9
Wajir,2022-06,11.700000000000001
Wajir,2022-07,11.1
Wajir,2022-08,2.0
Wajir,2022-09,3.6999999999999997
Wajir,2022-10,12.8
Wajir,2022-11,14.6
Wajir,2022-12,10.0
Wajir,2023-01,1.3
Wajir,2023-02,0.0
Wajir,2023-03,67.8
Wajir,2023-04,134.2
Wajir,2023-05,10.0
Wajir,2023-06,8.2
Wajir,2023-07,14.1
Wajir,2023-08,7.2
Wajir,2023-09,6.7
Wajir,2023-10,124.4
Wajir,2023-11,297.6
Wajir,2023-12,2.2
Wajir,2024-01,0.7
Wajir,2024-02,0.9
Wajir,2024-03,16.3
Wajir,2024-04,101.3
Wajir,2024-05,28.2
Wajir,2024-06,4.3
Wajir,2024-07,4.1
Wajir,2024-08,10.8
Wajir,2024-09,4.6000000000000005
Wajir,2024-10,2.9
Wajir,2024-11,101.2
Wajir,2024-12,1.8
Webuye,2022-01,70.89999999999999
Webuye,2022-02,19.4
Webuye,2022-03,37.9
Webuye,2022-04,185.5
Webuye,2022-05,214.29999999999998
Webuye,2022-06,116.9
Webuye,2022-07,142.1
Webuye,2022-08,230.3
Webuye,2022-09,116.0
Webuye,2022-10,81.2
Webuye,2022-11,103.9
Webuye,2022-12,65.9
Webuye,2023-01,0.4
Webuye,2023-02,7.5
Webuye,2023-03,129.7
Webuye,2023-04,196.9
Webuye,2023-05,70.2
Webuye,2023-06,83.1
Webuye,2023-07,60.6
Webuye,2023-08,82.2
Webuye,2023-09,116.3
Webuye,2023-10,128.2
Webuye,2023-11,170.9
Webuye,2023-12,48.0
Webuye,2024-01,92.7
Webuye,2024-02,38.3
Webuye,2024-03,44.3
Webuye,2024-04,219.1
Webuye,2024-05,134.7
Webuye,2024-06,73.19999999999999
Webuye,2024-07,118.4
Webuye,2024-08,137.5
Webuye,2024-09,98.10000000000001
Webuye,2024-10,122.0
Webuye,2024-11,178.1
Webuye,2024-12,64.7
Wote,2022-01,17.1
Wote,2022-02,30.5
Wote,2022-03,46.9
Wote,2022-04,150.1
Wote,2022-05,9.9
Wote,2022-06,12.6
Wote,2022-07,26.6
Wote,2022-08,15.0
Wote,2022-09,15.2
Wote,2022-10,40.1
Wote,2022-11,169.3
Wote,2022-12,64.0
Wote,2023-01,19.6
Wote,2023-02,4.0
Wote,2023-03,100.69999999999999
Wote,2023-04,170.9
Wote,2023-05,73.5
Wote,2023-06,40.0
Wote,2023-07,20.8
Wote,2023-08,16.8
Wote,2023-09,32.4
Wote,2023-10,117.2
Wote,2023-11,293.40000000000003
Wote,2023-12,65.1
Wote,2024-01,85.6
Wote,2024-02,26.4
Wote,2024-03,119.9
Wote,2024-04,175.3
Wote,2024-05,57.9
Wote,2024-06,14.9
Wote,2024-07,22.8
Wote,2024-08,40.8
Wote,2024-09,19.8
Wote,2024-10,42.2
Wote,2024-11,166.5
Wote,2024-12,114.5
Wundanyi,2022-01,20.900000000000002
Wundanyi,2022-02,81.6
Wundanyi,2022-03,31.6
Wundanyi,2022-04,118.5
Wundanyi,2022-05,30.4
Wundanyi,2022-06,13.6
Wundanyi,2022-07,26.7
Wundanyi,2022-08,27.2
Wundanyi,2022-09,15.4
Wundanyi,2022-10,17.9
Wundanyi,2022-11,170.6
Wundanyi,2022-12,49.8
Wundanyi,2023-01,37.7
Wundanyi,2023-02,8.200000000000001
Wundanyi,2023-03,123.8
Wundanyi,2023-04,206.9
Wundanyi,2023-05,67.9
Wundanyi,2023-06,27.099999999999998
Wundanyi,2023-07,20.5
Wundanyi,2023-08,29.0
Wundanyi,2023-09,36.6
Wundanyi,2023-10,106.6
Wundanyi,2023-11,440.5
Wundanyi,2023-12,202.8
Wundanyi,2024-01,69.9
Wundanyi,2024-02,80.8
Wundanyi,2024-03,128.7
Wundanyi,2024-04,235.2
Wundanyi,2024-05,47.2
Wundanyi,2024-06,29.3
Wundanyi,2024-07,13.1
Wundanyi,2024-08,43.1
Wundanyi,2024-09,21.8
Wundanyi,2024-10,59.3
Wundanyi,2024-11,192.8
Wundanyi,2024-12,153.0
